FirstName,LastName,Address1,City,PostCode,Country,Region/State,Expected1,Expected2
, ,123 Sample Street,Hanoi,70000,Viet Nam,Ha Noi,First Name must be between 1 and 32 characters!,Last Name must be between 1 and 32 characters!
, Doe,,Hanoi,70000,Viet Nam,Ha Noi,First Name must be between 1 and 32 characters!,Address must be between 3 and 128 characters!
, Doe,123 Sample Street,,70000,Viet Nam,Ha Noi,First Name must be between 1 and 32 characters!,City must be between 2 and 128 characters!
, Doe,123 Sample Street,Hanoi,,Viet Nam,Ha Noi,First Name must be between 1 and 32 characters!,Postcode must be between 2 and 10 characters!
, Doe,123 Sample Street,Hanoi,70000,,Ha Noi,First Name must be between 1 and 32 characters!,Please select a country!
, Doe,123 Sample Street,Hanoi,70000,Viet Nam,,First Name must be between 1 and 32 characters!,Please select a region / state!
John,, ,Hanoi,70000,Viet Nam,Ha Noi,Last Name must be between 1 and 32 characters!,Address must be between 3 and 128 characters!
John,,123 Sample Street,,70000,Viet Nam,Ha Noi,Last Name must be between 1 and 32 characters!,City must be between 2 and 128 characters!
John,,123 Sample Street,Hanoi,,Viet Nam,Ha Noi,Last Name must be between 1 and 32 characters!,Postcode must be between 2 and 10 characters!
John,,123 Sample Street,Hanoi,70000,,Ha Noi,Last Name must be between 1 and 32 characters!,Please select a country!
John,,123 Sample Street,Hanoi,70000,Viet Nam,,Last Name must be between 1 and 32 characters!,Please select a region / state!
John,Doe,, ,70000,Viet Nam,Ha Noi,Address must be between 3 and 128 characters!,City must be between 2 and 128 characters!
John,Doe,,Hanoi,,Viet Nam,Ha Noi,Address must be between 3 and 128 characters!,Postcode must be between 2 and 10 characters!
John,Doe,,Hanoi,70000,,Ha Noi,Address must be between 3 and 128 characters!,Please select a country!
John,Doe,,Hanoi,70000,Viet Nam,,Address must be between 3 and 128 characters!,Please select a region / state!
John,Doe,123 Sample Street,, ,Viet Nam,Ha Noi,City must be between 2 and 128 characters!,Postcode must be between 2 and 10 characters!
John,Doe,123 Sample Street,,70000,,Ha Noi,City must be between 2 and 128 characters!,Please select a country!
John,Doe,123 Sample Street,,70000,Viet Nam,,City must be between 2 and 128 characters!,Please select a region / state!
John,Doe,123 Sample Street,Hanoi,, ,Ha Noi,Postcode must be between 2 and 10 characters!,Please select a country!
John,Doe,123 Sample Street,Hanoi,,Viet Nam,,Postcode must be between 2 and 10 characters!,Please select a region / state!

